Workbook

Sheet Blad1
B1: metric | C1: No bear mean | D1: Average bear mean | E1: many bear mean | F1: No bear SD | G1: Average bear SD | H1: many bear SD | J1: H_statistic | K1: p_value | L1: significant (p<0,05)
B2: BearFinalPopulation | C2: =HLOOKUP(B2,Blad2!$1:$1048576,4,FALSE) -> 0 | D2: =HLOOKUP(B2,Blad2!$1:$1048576,5,FALSE) -> 13.6 | E2: =HLOOKUP(B2,Blad2!$1:$1048576,6,FALSE) -> 36.6 | F2: =HLOOKUP(B2,Blad2!$1:$1048576,7,FALSE) -> 0 | G2: =HLOOKUP(B2,Blad2!$1:$1048576,8,FALSE) -> 6.7197884 | H2: =HLOOKUP(B2,Blad2!$1:$1048576,9,FALSE) -> 13.150412 | J2: 25.9389 | K2: 2e-06 | L2: True
B3: BearBirths | C3: =HLOOKUP(B3,Blad2!$1:$1048576,4,FALSE) -> 0 | D3: =HLOOKUP(B3,Blad2!$1:$1048576,5,FALSE) -> 9.3 | E3: =HLOOKUP(B3,Blad2!$1:$1048576,6,FALSE) -> 40 | F3: =HLOOKUP(B3,Blad2!$1:$1048576,7,FALSE) -> 0 | G3: =HLOOKUP(B3,Blad2!$1:$1048576,8,FALSE) -> 6.4644326 | H3: =HLOOKUP(B3,Blad2!$1:$1048576,9,FALSE) -> 13.35831 | J3: 25.8517 | K3: 2e-06 | L3: True
B4: BearDeaths | C4: =HLOOKUP(B4,Blad2!$1:$1048576,4,FALSE) -> 0 | D4: =HLOOKUP(B4,Blad2!$1:$1048576,5,FALSE) -> 7.8 | E4: =HLOOKUP(B4,Blad2!$1:$1048576,6,FALSE) -> 30.7 | F4: =HLOOKUP(B4,Blad2!$1:$1048576,7,FALSE) -> 0 | G4: =HLOOKUP(B4,Blad2!$1:$1048576,8,FALSE) -> 3.1198291 | H4: =HLOOKUP(B4,Blad2!$1:$1048576,9,FALSE) -> 3.9454615 | J4: 26.8146 | K4: 2e-06 | L4: True
B5: BearStarvation | C5: =HLOOKUP(B5,Blad2!$1:$1048576,4,FALSE) -> 0 | D5: =HLOOKUP(B5,Blad2!$1:$1048576,5,FALSE) -> 7.8 | E5: =HLOOKUP(B5,Blad2!$1:$1048576,6,FALSE) -> 30.7 | F5: =HLOOKUP(B5,Blad2!$1:$1048576,7,FALSE) -> 0 | G5: =HLOOKUP(B5,Blad2!$1:$1048576,8,FALSE) -> 3.1198291 | H5: =HLOOKUP(B5,Blad2!$1:$1048576,9,FALSE) -> 3.9454615 | J5: 26.8146 | K5: 2e-06 | L5: True
B6: BearCarcassCount | C6: =HLOOKUP(B6,Blad2!$1:$1048576,4,FALSE) -> 0 | D6: =HLOOKUP(B6,Blad2!$1:$1048576,5,FALSE) -> 84.7 | E6: =HLOOKUP(B6,Blad2!$1:$1048576,6,FALSE) -> 144.5 | F6: =HLOOKUP(B6,Blad2!$1:$1048576,7,FALSE) -> 0 | G6: =HLOOKUP(B6,Blad2!$1:$1048576,8,FALSE) -> 21.286668 | H6: =HLOOKUP(B6,Blad2!$1:$1048576,9,FALSE) -> 21.485137 | J6: 26.0163 | K6: 2e-06 | L6: True
B7: BearPlantMeals | C7: =HLOOKUP(B7,Blad2!$1:$1048576,4,FALSE) -> 0 | D7: =HLOOKUP(B7,Blad2!$1:$1048576,5,FALSE) -> 62.9 | E7: =HLOOKUP(B7,Blad2!$1:$1048576,6,FALSE) -> 227 | F7: =HLOOKUP(B7,Blad2!$1:$1048576,7,FALSE) -> 0 | G7: =HLOOKUP(B7,Blad2!$1:$1048576,8,FALSE) -> 21.03674 | H7: =HLOOKUP(B7,Blad2!$1:$1048576,9,FALSE) -> 51.667742 | J7: 26.7898 | K7: 2e-06 | L7: True
B8: BearAvgHunger | C8: =HLOOKUP(B8,Blad2!$1:$1048576,4,FALSE) -> 0 | D8: =HLOOKUP(B8,Blad2!$1:$1048576,5,FALSE) -> 64.2 | E8: =HLOOKUP(B8,Blad2!$1:$1048576,6,FALSE) -> 59.3 | F8: =HLOOKUP(B8,Blad2!$1:$1048576,7,FALSE) -> 0 | G8: =HLOOKUP(B8,Blad2!$1:$1048576,8,FALSE) -> 2.0976177 | H8: =HLOOKUP(B8,Blad2!$1:$1048576,9,FALSE) -> 1.7029386 | J8: 26.3131 | K8: 2e-06 | L8: True
B9: BearHuntAttempts | C9: =HLOOKUP(B9,Blad2!$1:$1048576,4,FALSE) -> 0 | D9: =HLOOKUP(B9,Blad2!$1:$1048576,5,FALSE) -> 299.4 | E9: =HLOOKUP(B9,Blad2!$1:$1048576,6,FALSE) -> 558.1 | F9: =HLOOKUP(B9,Blad2!$1:$1048576,7,FALSE) -> 0 | G9: =HLOOKUP(B9,Blad2!$1:$1048576,8,FALSE) -> 81.116103 | H9: =HLOOKUP(B9,Blad2!$1:$1048576,9,FALSE) -> 136.02896 | J9: 26.0103 | K9: 2e-06 | L9: True
B10: BearSuccessfulHunts | C10: =HLOOKUP(B10,Blad2!$1:$1048576,4,FALSE) -> 0 | D10: =HLOOKUP(B10,Blad2!$1:$1048576,5,FALSE) -> 81.6 | E10: =HLOOKUP(B10,Blad2!$1:$1048576,6,FALSE) -> 141.1 | F10: =HLOOKUP(B10,Blad2!$1:$1048576,7,FALSE) -> 0 | G10: =HLOOKUP(B10,Blad2!$1:$1048576,8,FALSE) -> 19.317235 | H10: =HLOOKUP(B10,Blad2!$1:$1048576,9,FALSE) -> 21.084223 | J10: 26.5307 | K10: 2e-06 | L10: True
B11: WolfFleeingTime | C11: =HLOOKUP(B11,Blad2!$1:$1048576,4,FALSE) -> 0 | D11: =HLOOKUP(B11,Blad2!$1:$1048576,5,FALSE) -> 2.591 | E11: =HLOOKUP(B11,Blad2!$1:$1048576,6,FALSE) -> 11.999 | F11: =HLOOKUP(B11,Blad2!$1:$1048576,7,FALSE) -> 0 | G11: =HLOOKUP(B11,Blad2!$1:$1048576,8,FALSE) -> 1.473299 | H11: =HLOOKUP(B11,Blad2!$1:$1048576,9,FALSE) -> 9.5327592 | J11: 25.2789 | K11: 3e-06 | L11: True
B12: BearHuntingTime | C12: =HLOOKUP(B12,Blad2!$1:$1048576,4,FALSE) -> 0 | D12: =HLOOKUP(B12,Blad2!$1:$1048576,5,FALSE) -> 77.096 | E12: =HLOOKUP(B12,Blad2!$1:$1048576,6,FALSE) -> 43.73 | F12: =HLOOKUP(B12,Blad2!$1:$1048576,7,FALSE) -> 0 | G12: =HLOOKUP(B12,Blad2!$1:$1048576,8,FALSE) -> 17.802275 | H12: =HLOOKUP(B12,Blad2!$1:$1048576,9,FALSE) -> 9.6755339 | J12: 25.2789 | K12: 3e-06 | L12: True
B13: BearAvgThirst | C13: =HLOOKUP(B13,Blad2!$1:$1048576,4,FALSE) -> 0 | D13: =HLOOKUP(B13,Blad2!$1:$1048576,5,FALSE) -> 64.1 | E13: =HLOOKUP(B13,Blad2!$1:$1048576,6,FALSE) -> 59.7 | F13: =HLOOKUP(B13,Blad2!$1:$1048576,7,FALSE) -> 0 | G13: =HLOOKUP(B13,Blad2!$1:$1048576,8,FALSE) -> 1.9692074 | H13: =HLOOKUP(B13,Blad2!$1:$1048576,9,FALSE) -> 1.2516656 | J13: 25.7423 | K13: 3e-06 | L13: True
... B69: WolfDrinkTime | C69: =HLOOKUP(B69,Blad2!$1:$1048576,4,FALSE) -> 7.444 | D69: =HLOOKUP(B69,Blad2!$1:$1048576,5,FALSE) -> 8.241 | E69: =HLOOKUP(B69,Blad2!$1:$1048576,6,FALSE) -> 7.418 | F69: =HLOOKUP(B69,Blad2!$1:$1048576,7,FALSE) -> 0.73481971 | G69: =HLOOKUP(B69,Blad2!$1:$1048576,8,FALSE) -> 2.4667318 | H69: =HLOOKUP(B69,Blad2!$1:$1048576,9,FALSE) -> 1.2803194 | J69: 0.0723 | K69: 0.964516 | L69: False

Sheet Blad2
B1: BearFinalPopulation | C1: BearFinalPopulation | D1: BearFinalPopulation | E1: BearFinalPopulation | F1: WolfFinalPopulation | G1: WolfFinalPopulation | H1: WolfFinalPopulation | I1: WolfFinalPopulation | J1: MooseFinalPopulation | K1: MooseFinalPopulation | L1: MooseFinalPopulation | M1: MooseFinalPopulation | N1: BearBirths | O1: BearBirths | P1: BearBirths | Q1: BearBirths | R1: WolfBirths | S1: WolfBirths | T1: WolfBirths | U1: WolfBirths | V1: MooseBirths | W1: MooseBirths | X1: MooseBirths | Y1: MooseBirths | Z1: BearDeaths | AA1: BearDeaths | AB1: BearDeaths | AC1: BearDeaths | AD1: WolfDeaths | AE1: WolfDeaths | AF1: WolfDeaths | AG1: WolfDeaths | AH1: MooseDeaths | AI1: MooseDeaths | AJ1: MooseDeaths | AK1: MooseDeaths | AL1: BearStarvation | AM1: BearStarvation | AN1: BearStarvation | AO1: BearStarvation | AP1: WolfStarvation | AQ1: WolfStarvation | AR1: WolfStarvation | AS1: WolfStarvation | AT1: MooseStarvation | AU1: MooseStarvation | AV1: MooseStarvation | AW1: MooseStarvation | AX1: BearPredation | AY1: BearPredation | AZ1: BearPredation | BA1: BearPredation | BB1: WolfPredation | BC1: WolfPredation | BD1: WolfPredation | BE1: WolfPredation | BF1: MoosePredation | BG1: MoosePredation | BH1: MoosePredation | BI1: MoosePredation | BJ1: BearPlantMeals | BK1: BearPlantMeals | BL1: BearPlantMeals | BM1: BearPlantMeals | BN1: BearCarcassCount | BO1: BearCarcassCount | BP1: BearCarcassCount | BQ1: BearCarcassCount | BR1: MoosePlantMeals | BS1: MoosePlantMeals | BT1: MoosePlantMeals | BU1: MoosePlantMeals | BV1: WolfCarcassCount | BW1: WolfCarcassCount | BX1: WolfCarcassCount | BY1: WolfCarcassCount | BZ1: PacksFormed | CA1: PacksFormed | CB1: PacksFormed | CC1: PacksFormed | CD1: PackHuntAttempts | CE1: PackHuntAttempts | CF1: PackHuntAttempts | CG1: PackHuntAttempts | CH1: PackHuntSuccess | CI1: PackHuntSuccess | CJ1: PackHuntSuccess | CK1: PackHuntSuccess | CL1: BearAvgHunger | CM1: BearAvgHunger | CN1: BearAvgHunger | CO1: BearAvgHunger | CP1: BearAvgThirst | CQ1: BearAvgThirst | CR1: BearAvgThirst | CS1: BearAvgThirst | CT1: BearAvgStamina | CU1: BearAvgStamina | CV1: BearAvgStamina | CW1: BearAvgStamina | CX1: WolfAvgHunger | CY1: WolfAvgHunger | CZ1: WolfAvgHunger | DA1: WolfAvgHunger | DB1: WolfAvgThirst | DC1: WolfAvgThirst | DD1: WolfAvgThirst | DE1: WolfAvgThirst | DF1: WolfAvgStamina | DG1: WolfAvgStamina | DH1: WolfAvgStamina | DI1: WolfAvgStamina | DJ1: MooseAvgHunger | DK1: MooseAvgHunger | DL1: MooseAvgHunger | DM1: MooseAvgHunger | DN1: MooseAvgThirst | DO1: MooseAvgThirst | DP1: MooseAvgThirst | DQ1: MooseAvgThirst | DR1: MooseAvgStamina | DS1: MooseAvgStamina | DT1: MooseAvgStamina | DU1: MooseAvgStamina | DV1: BearAvgLifespan | DW1: BearAvgLifespan | DX1: BearAvgLifespan | DY1: BearAvgLifespan | DZ1: WolfAvgLifespan | EA1: WolfAvgLifespan | EB1: WolfAvgLifespan | EC1: WolfAvgLifespan | ED1: MooseAvgLifespan | EE1: MooseAvgLifespan | EF1: MooseAvgLifespan | EG1: MooseAvgLifespan | EH1: MooseIdleTime | EI1: MooseIdleTime | EJ1: MooseIdleTime | EK1: MooseIdleTime | EL1: MooseWanderTime | EM1: MooseWanderTime | EN1: MooseWanderTime | EO1: MooseWanderTime | EP1: MooseSearchFoodTime | EQ1: MooseSearchFoodTime | ER1: MooseSearchFoodTime | ES1: MooseSearchFoodTime | ET1: MooseSearchWaterTime | EU1: MooseSearchWaterTime | EV1: MooseSearchWaterTime | EW1: MooseSearchWaterTime | EX1: MooseEatTime | EY1: MooseEatTime | EZ1: MooseEatTime | FA1: MooseEatTime | FB1: MooseDrinkTime | FC1: MooseDrinkTime | FD1: MooseDrinkTime | FE1: MooseDrinkTime | FF1: MooseMatingTime | FG1: MooseMatingTime | FH1: MooseMatingTime | FI1: MooseMatingTime | FJ1: MooseFleeingTime | FK1: MooseFleeingTime | FL1: MooseFleeingTime | FM1: MooseFleeingTime | FN1: MooseDefendTime | FO1: MooseDefendTime | FP1: MooseDefendTime | FQ1: MooseDefendTime | FR1: BearIdleTime | FS1: BearIdleTime | FT1: BearIdleTime | FU1: BearIdleTime | FV1: BearWanderTime | FW1: BearWanderTime | FX1: BearWanderTime | FY1: BearWanderTime | FZ1: BearSearchFoodTime | GA1: BearSearchFoodTime | GB1: BearSearchFoodTime | GC1: BearSearchFoodTime | GD1: BearSearchWaterTime | GE1: BearSearchWaterTime | GF1: BearSearchWaterTime | GG1: BearSearchWaterTime | GH1: BearEatTime | GI1: BearEatTime | GJ1: BearEatTime | GK1: BearEatTime | GL1: BearDrinkTime | GM1: BearDrinkTime | GN1: BearDrinkTime | GO1: BearDrinkTime | GP1: BearMatingTime | GQ1: BearMatingTime | GR1: BearMatingTime | GS1: BearMatingTime | GT1: BearFleeingTime | GU1: BearFleeingTime | GV1: BearFleeingTime | GW1: BearFleeingTime | GX1: BearDefendTime | GY1: BearDefendTime | GZ1: BearDefendTime | HA1: BearDefendTime | HB1: BearHuntingTime | HC1: BearHuntingTime | HD1: BearHuntingTime | HE1: BearHuntingTime | HF1: WolfIdleTime | HG1: WolfIdleTime | HH1: WolfIdleTime | HI1: WolfIdleTime | HJ1: WolfWanderTime | HK1: WolfWanderTime | HL1: WolfWanderTime | HM1: WolfWanderTime | HN1: WolfSearchFoodTime | HO1: WolfSearchFoodTime | HP1: WolfSearchFoodTime | HQ1: WolfSearchFoodTime | HR1: WolfSearchWaterTime | HS1: WolfSearchWaterTime | HT1: WolfSearchWaterTime | HU1: WolfSearchWaterTime | HV1: WolfEatTime | HW1: WolfEatTime | HX1: WolfEatTime | HY1: WolfEatTime | HZ1: WolfDrinkTime | IA1: WolfDrinkTime | IB1: WolfDrinkTime | IC1: WolfDrinkTime | ID1: WolfMatingTime | IE1: WolfMatingTime | IF1: WolfMatingTime | IG1: WolfMatingTime | IH1: WolfFleeingTime | II1: WolfFleeingTime | IJ1: WolfFleeingTime | IK1: WolfFleeingTime | IL1: WolfDefendTime | IM1: WolfDefendTime | IN1: WolfDefendTime | IO1: WolfDefendTime | IP1: WolfHuntingTime | IQ1: WolfHuntingTime | IR1: WolfHuntingTime | IS1: WolfHuntingTime | IT1: WolfHuntAttempts | IU1: WolfHuntAttempts | IV1: WolfHuntAttempts | IW1: WolfHuntAttempts | IX1: WolfHuntFailures | IY1: WolfHuntFailures | IZ1: WolfHuntFailures | JA1: WolfHuntFailures | JB1: WolfSuccessfulHunts | JC1: WolfSuccessfulHunts | JD1: WolfSuccessfulHunts | JE1: WolfSuccessfulHunts | JF1: BearInterference | JG1: BearInterference | JH1: BearInterference | JI1: BearInterference | JJ1: BearHuntAttempts | JK1: BearHuntAttempts | JL1: BearHuntAttempts | JM1: BearHuntAttempts | JN1: BearHuntFailures | JO1: BearHuntFailures | JP1: BearHuntFailures | JQ1: BearHuntFailures | JR1: BearSuccessfulHunts | JS1: BearSuccessfulHunts | JT1: BearSuccessfulHunts | JU1: BearSuccessfulHunts | JV1: MooseSuccessfulEscape | JW1: MooseSuccessfulEscape | JX1: MooseSuccessfulEscape | JY1: MooseSuccessfulEscape
B2: mean | C2: std | D2: min | E2: max | F2: mean | G2: std | H2: min | I2: max | J2: mean | K2: std | L2: min | M2: max | N2: mean | O2: std | P2: min | Q2: max | R2: mean | S2: std | T2: min | U2: max | V2: mean | W2: std | X2: min | Y2: max | Z2: mean | AA2: std | AB2: min | AC2: max | AD2: mean | AE2: std | AF2: min | AG2: max | AH2: mean | AI2: std | AJ2: min | AK2: max | AL2: mean | AM2: std | AN2: min | AO2: max | AP2: mean | AQ2: std | AR2: min | AS2: max | AT2: mean | AU2: std | AV2: min | AW2: max | AX2: mean | AY2: std | AZ2: min | BA2: max | BB2: mean | BC2: std | BD2: min | BE2: max | BF2: mean | BG2: std | BH2: min | BI2: max | BJ2: mean | BK2: std | BL2: min | BM2: max | BN2: mean | BO2: std | BP2: min | BQ2: max | BR2: mean | BS2: std | BT2: min | BU2: max | BV2: mean | BW2: std | BX2: min | BY2: max | BZ2: mean | CA2: std | CB2: min | CC2: max | CD2: mean | CE2: std | CF2: min | CG2: max | CH2: mean | CI2: std | CJ2: min | CK2: max | CL2: mean | CM2: std | CN2: min | CO2: max | CP2: mean | CQ2: std | CR2: min | CS2: max | CT2: mean | CU2: std | CV2: min | CW2: max | CX2: mean | CY2: std | CZ2: min | DA2: max | DB2: mean | DC2: std | DD2: min | DE2: max | DF2: mean | DG2: std | DH2: min | DI2: max | DJ2: mean | DK2: std | DL2: min | DM2: max | DN2: mean | DO2: std | DP2: min | DQ2: max | DR2: mean | DS2: std | DT2: min | DU2: max | DV2: mean | DW2: std | DX2: min | DY2: max | DZ2: mean | EA2: std | EB2: min | EC2: max | ED2: mean | EE2: std | EF2: min | EG2: max | EH2: mean | EI2: std | EJ2: min | EK2: max | EL2: mean | EM2: std | EN2: min | EO2: max | EP2: mean | EQ2: std | ER2: min | ES2: max | ET2: mean | EU2: std | EV2: min | EW2: max | EX2: mean | EY2: std | EZ2: min | FA2: max | FB2: mean | FC2: std | FD2: min | FE2: max | FF2: mean | FG2: std | FH2: min | FI2: max | FJ2: mean | FK2: std | FL2: min | FM2: max | FN2: mean | FO2: std | FP2: min | FQ2: max | FR2: mean | FS2: std | FT2: min | FU2: max | FV2: mean | FW2: std | FX2: min | FY2: max | FZ2: mean | GA2: std | GB2: min | GC2: max | GD2: mean | GE2: std | GF2: min | GG2: max | GH2: mean | GI2: std | GJ2: min | GK2: max | GL2: mean | GM2: std | GN2: min | GO2: max | GP2: mean | GQ2: std | GR2: min | GS2: max | GT2: mean | GU2: std | GV2: min | GW2: max | GX2: mean | GY2: std | GZ2: min | HA2: max | HB2: mean | HC2: std | HD2: min | HE2: max | HF2: mean | HG2: std | HH2: min | HI2: max | HJ2: mean | HK2: std | HL2: min | HM2: max | HN2: mean | HO2: std | HP2: min | HQ2: max | HR2: mean | HS2: std | HT2: min | HU2: max | HV2: mean | HW2: std | HX2: min | HY2: max | HZ2: mean | IA2: std | IB2: min | IC2: max | ID2: mean | IE2: std | IF2: min | IG2: max | IH2: mean | II2: std | IJ2: min | IK2: max | IL2: mean | IM2: std | IN2: min | IO2: max | IP2: mean | IQ2: std | IR2: min | IS2: max | IT2: mean | IU2: std | IV2: min | IW2: max | IX2: mean | IY2: std | IZ2: min | JA2: max | JB2: mean | JC2: std | JD2: min | JE2: max | JF2: mean | JG2: std | JH2: min | JI2: max | JJ2: mean | JK2: std | JL2: min | JM2: max | JN2: mean | JO2: std | JP2: min | JQ2: max | JR2: mean | JS2: std | JT2: min | JU2: max | JV2: mean | JW2: std | JX2: min | JY2: max
A3: scenario
A4: No Bears | B4: 0 | C4: 0 | D4: 0 | E4: 0 | F4: 65.7 | G4: 30.236292 | H4: 27 | I4: 116 | J4: 105 | K4: 38.646546 | L4: 48 | M4: 156 | N4: 0 | O4: 0 | P4: 0 | Q4: 0 | R4: 131.9 | S4: 38.822817 | T4: 61 | U4: 194 | V4: 172.5 | W4: 29.364567 | X4: 130 | Y4: 230 | Z4: 0 | AA4: 0 | AB4: 0 | AC4: 0 | AD4: 96 | AE4: 20.520992 | AF4: 62 | AG4: 125 | AH4: 197.6 | AI4: 20.006666 | AJ4: 164 | AK4: 224 | AL4: 0 | AM4: 0 | AN4: 0 | AO4: 0 | AP4: 96 | AQ4: 20.520992 | AR4: 62 | AS4: 125 | AT4: 67.4 | AU4: 15.407069 | AV4: 44 | AW4: 94 | AX4: 0 | AY4: 0 | AZ4: 0 | BA4: 0 | BB4: 0 | BC4: 0 | BD4: 0 | BE4: 0 | BF4: 130.2 | BG4: 30.198602 | BH4: 86 | BI4: 166 | BJ4: 0 | BK4: 0 | BL4: 0 | BM4: 0 | BN4: 0 | BO4: 0 | BP4: 0 | BQ4: 0 | BR4: 1015.4 | BS4: 120.44012 | BT4: 832 | BU4: 1248 | BV4: 647 | BW4: 167.6027 | BX4: 312 | BY4: 856 | BZ4: 12.6 | CA4: 2.4129281 | CB4: 10 | CC4: 18 | CD4: 122.1 | CE4: 32.90542 | CF4: 75 | CG4: 174 | CH4: 102.1 | CI4: 30.431891 | CJ4: 57 | CK4: 153 | CL4: 0 | CM4: 0 | CN4: 0 | CO4: 0 | CP4: 0 | CQ4: 0 | CR4: 0 | CS4: 0 | CT4: 0 | CU4: 0 | CV4: 0 | CW4: 0 | CX4: 64.5 | CY4: 3.6590831 | CZ4: 57 | DA4: 69 | DB4: 60.5 | DC4: 2.2236107 | DD4: 56 | DE4: 63 | DF4: 92.5 | DG4: 1.2692955 | DH4: 91 | DI4: 95 | DJ4: 60.2 | DK4: 1.2292726 | DL4: 59 | DM4: 63 | DN4: 62.1 | DO4: 1.5238839 | DP4: 59 | DQ4: 64 | DR4: 99.3 | DS4: 0.48304589 | DT4: 99 | DU4: 100 | DV4: 0 | DW4: 0 | DX4: 0 | DY4: 0 | DZ4: 28.171 | EA4: 2.3906134 | EB4: 22.66 | EC4: 30.98 | ED4: 39.155 | EE4: 2.1477081 | EF4: 36.52 | EG4: 43.31 | EH4: 8.62 | EI4: 1.7097888 | EJ4: 6.43 | EK4: 11.54 | EL4: 55.925 | EM4: 2.0095895 | EN4: 54.03 | EO4: 60.67 | EP4: 147.64 | EQ4: 13.098086 | ER4: 120.8 | ES4: 165.97 | ET4: 42.822 | EU4: 3.4985229 | EV4: 37.04 | EW4: 48.48 | EX4: 8.71 | EY4: 0.75221155 | EZ4: 7.42 | FA4: 9.78 | FB4: 5.747 | FC4: 0.52319637 | FD4: 4.78 | FE4: 6.66 | FF4: 0.024 | FG4: 0.0096609178 | FH4: 0.02 | FI4: 0.05 | FJ4: 5.14 | FK4: 1.6195335 | FL4: 3.04 | FM4: 7.44 | FN4: 1.209 | FO4: 0.41937652 | FP4: 0.6 | FQ4: 1.8 | FR4: 0 | FS4: 0 | FT4: 0 | FU4: 0 | FV4: 0 | FW4: 0 | FX4: 0 | FY4: 0 | FZ4: 0 | GA4: 0 | GB4: 0 | GC4: 0 | GD4: 0 | GE4: 0 | GF4: 0 | GG4: 0 | GH4: 0 | GI4: 0 | GJ4: 0 | GK4: 0 | GL4: 0 | GM4: 0 | GN4: 0 | GO4: 0 | GP4: 0 | GQ4: 0 | GR4: 0 | GS4: 0 | GT4: 0 | GU4: 0 | GV4: 0 | GW4: 0 | GX4: 0 | GY4: 0 | GZ4: 0 | HA4: 0 | HB4: 0 | HC4: 0 | HD4: 0 | HE4: 0 | HF4: 10.13 | HG4: 1.5955145 | HH4: 8.28 | HI4: 12.46 | HJ4: 46.895 | HK4: 1.6977452 | HL4: 44.23 | HM4: 48.84 | HN4: 69.043 | HO4: 21.636788 | HP4: 36.77 | HQ4: 102.34 | HR4: 15.518 | HS4: 3.132563 | HT4: 12.43 | HU4: 20.29 | HV4: 8.595 | HW4: 1.4217145 | HX4: 6.85 | HY4: 10.62 | HZ4: 7.444 | IA4: 0.73481971 | IB4: 5.86 | IC4: 8.28 | ID4: 0.074 | IE4: 0.035652645 | IF4: 0.04 | IG4: 0.15 | IH4: 0 | II4: 0 | IJ4: 0 | IK4: 0 | IL4: 0 | IM4: 0 | IN4: 0 | IO4: 0 | IP4: 40.133 | IQ4: 7.9744844 | IR4: 28.21 | IS4: 51.26 | IT4: 127.3 | IU4: 34.493317 | IV4: 77 | IW4: 190 | IX4: 33.3 | IY4: 19.148832 | IZ4: 7 | JA4: 73 | JB4: 130.2 | JC4: 30.198602 | JD4: 86 | JE4: 166 | JF4: 0 | JG4: 0 | JH4: 0 | JI4: 0 | JJ4: 0 | JK4: 0 | JL4: 0 | JM4: 0 | JN4: 0 | JO4: 0 | JP4: 0 | JQ4: 0 | JR4: 0 | JS4: 0 | JT4: 0 | JU4: 0 | JV4: 192.8 | JW4: 45.805871 | JX4: 118 | JY4: 257
A5: Average Bears | B5: 13.6 | C5: 6.7197884 | D5: 4 | E5: 22 | F5: 36.7 | G5: 26.700187 | H5: 8 | I5: 102 | J5: 68.5 | K5: 26.013885 | L5: 30 | M5: 99 | N5: 9.3 | O5: 6.4644326 | P5: 0 | Q5: 19 | R5: 86.5 | S5: 56.866803 | T5: 9 | U5: 210 | V5: 145.9 | W5: 26.488782 | X5: 110 | Y5: 182 | Z5: 7.8 | AA5: 3.1198291 | AB5: 4 | AC5: 14 | AD5: 77.8 | AE5: 35.946874 | AF5: 22 | AG5: 141 | AH5: 206.1 | AI5: 16.602878 | AJ5: 184 | AK5: 233 | AL5: 7.8 | AM5: 3.1198291 | AN5: 4 | AO5: 14 | AP5: 68.7 | AQ5: 34.055673 | AR5: 18 | AS5: 135 | AT5: 47.4 | AU5: 17.551195 | AV5: 27 | AW5: 80 | AX5: 0 | AY5: 0 | AZ5: 0 | BA5: 0 | BB5: 9.1 | BC5: 5.0431472 | BD5: 2 | BE5: 18 | BF5: 158.7 | BG5: 20.000278 | BH5: 123 | BI5: 185 | BJ5: 62.9 | BK5: 21.03674 | BL5: 31 | BM5: 90 | BN5: 84.7 | BO5: 21.286668 | BP5: 38 | BQ5: 107 | BR5: 861.7 | BS5: 131.20218 | BT5: 672 | BU5: 1036 | BV5: 487.9 | BW5: 207.14914 | BX5: 222 | BY5: 924 | BZ5: 9.1 | CA5: 3.3813212 | CB5: 5 | CC5: 15 | CD5: 87.6 | CE5: 25.342981 | CF5: 53 | CG5: 133 | CH5: 71.8 | CI5: 22.846347 | CJ5: 40 | CK5: 116 | CL5: 64.2 | CM5: 2.0976177 | CN5: 60 | CO5: 68 | CP5: 64.1 | CQ5: 1.9692074 | CR5: 60 | CS5: 66 | CT5: 66 | CU5: 6.4807407 | CV5: 55 | CW5: 78 | CX5: 64.1 | CY5: 4.4584502 | CZ5: 57 | DA5: 71 | DB5: 60.3 | DC5: 2.2632327 | DD5: 56 | DE5: 63 | DF5: 92.7 | DG5: 1.4944341 | DH5: 91 | DI5: 96 | DJ5: 61.2 | DK5: 1.3984118 | DL5: 58 | DM5: 63 | DN5: 63.3 | DO5: 1.5670212 | DP5: 60 | DQ5: 65 | DR5: 98.9 | DS5: 0.31622777 | DT5: 98 | DU5: 99 | DV5: 57.66 | DW5: 9.832192 | DX5: 38.44 | DY5: 73.19 | DZ5: 31.842 | EA5: 6.9757912 | EB5: 24.52 | EC5: 46.81 | ED5: 36.09 | EE5: 2.057377 | EF5: 32.92 | EG5: 39.15 | EH5: 6.275 | EI5: 1.3458517 | EJ5: 4.24 | EK5: 8.01 | EL5: 58.015 | EM5: 2.2781242 | EN5: 53.85 | EO5: 61.25 | EP5: 126.093 | EQ5: 15.391963 | ER5: 103.67 | ES5: 151.33 | ET5: 38.758 | EU5: 5.183947 | EV5: 29.79 | EW5: 45.78 | EX5: 7.746 | EY5: 0.55542176 | EZ5: 6.86 | FA5: 8.41 | FB5: 5.119 | FC5: 0.49581471 | FD5: 4.18 | FE5: 5.75 | FF5: 0.021 | FG5: 0.0031622777 | FH5: 0.02 | FI5: 0.03 | FJ5: 6.908 | FK5: 1.6106024 | FL5: 4.67 | FM5: 9.56 | FN5: 0.885 | FO5: 0.39218051 | FP5: 0.37 | FQ5: 1.48 | FR5: 24.551 | FS5: 3.8496882 | FT5: 16.73 | FU5: 28.35 | FV5: 44.196 | FW5: 6.067645 | FX5: 34.57 | FY5: 50.45 | FZ5: 100.08 | GA5: 25.354567 | GB5: 52.58 | GC5: 137.25 | GD5: 67.185 | GE5: 17.673338 | GF5: 49.32 | GG5: 113.28 | GH5: 14.608 | GI5: 2.4251543 | GJ5: 8.87 | GK5: 17.84 | GL5: 18.266 | GM5: 3.2171181 | GN5: 11.65 | GO5: 23.8 | GP5: 0.014 | GQ5: 0.006992059 | GR5: 0 | GS5: 0.02 | GT5: 0 | GU5: 0 | GV5: 0 | GW5: 0 | GX5: 0 | GY5: 0 | GZ5: 0 | HA5: 0 | HB5: 77.096 | HC5: 17.802275 | HD5: 42.18 | HE5: 107.01 | HF5: 7.369 | HG5: 1.2517228 | HH5: 5.36 | HI5: 9.04 | HJ5: 49.719 | HK5: 2.9870478 | HL5: 44.47 | HM5: 54.63 | HN5: 64.112 | HO5: 23.50719 | HP5: 20.58 | HQ5: 95.04 | HR5: 16.567 | HS5: 5.1414504 | HT5: 8.82 | HU5: 26.12 | HV5: 9.686 | HW5: 2.222862 | HX5: 6.86 | HY5: 13.35 | HZ5: 8.241 | IA5: 2.4667318 | IB5: 5.75 | IC5: 12.58 | ID5: 0.102 | IE5: 0.080249611 | IF5: 0.01 | IG5: 0.23 | IH5: 2.591 | II5: 1.473299 | IJ5: 0.16 | IK5: 4.96 | IL5: 2.181 | IM5: 2.2543856 | IN5: 0.66 | IO5: 8.03 | IP5: 41.847 | IQ5: 12.368949 | IR5: 30.98 | IS5: 72.82 | IT5: 85.4 | IU5: 40.75455 | IV5: 48 | IW5: 156 | IX5: 22.3 | IY5: 19.436792 | IZ5: 1 | JA5: 58 | JB5: 89.1 | JC5: 27.020363 | JD5: 56 | JE5: 140 | JF5: 6.9 | JG5: 4.1486276 | JH5: 1 | JI5: 13 | JJ5: 299.4 | JK5: 81.116103 | JL5: 187 | JM5: 421 | JN5: 212.2 | JO5: 72.401351 | JP5: 114 | JQ5: 317 | JR5: 81.6 | JS5: 19.317235 | JT5: 37 | JU5: 103 | JV5: 269.9 | JW5: 57.266337 | JX5: 185 | JY5: 361
A6: Many Bears | B6: 36.6 | C6: 13.150412 | D6: 19 | E6: 58 | F6: 19.2 | G6: 8.243516 | H6: 6 | I6: 31 | J6: 18.2 | K6: 17.028081 | L6: 1 | M6: 54 | N6: 40 | O6: 13.35831 | P6: 21 | Q6: 64 | R6: 65.2 | S6: 30.745551 | T6: 18 | U6: 114 | V6: 86.2 | W6: 22.885221 | X6: 47 | Y6: 114 | Z6: 30.7 | AA6: 3.9454615 | AB6: 26 | AC6: 37 | AD6: 72.2 | AE6: 25.398163 | AF6: 28 | AG6: 111 | AH6: 194.2 | AI6: 16.784914 | AJ6: 171 | AK6: 218 | AL6: 30.7 | AM6: 3.9454615 | AN6: 26 | AO6: 37 | AP6: 50.7 | AQ6: 21.182015 | AR6: 21 | AS6: 90 | AT6: 22.1 | AU6: 5.3218627 | AV6: 12 | AW6: 30 | AX6: 0 | AY6: 0 | AZ6: 0 | BA6: 0 | BB6: 21.5 | BC6: 9.7325342 | BD6: 7 | BE6: 38 | BF6: 172.1 | BG6: 14.843255 | BH6: 156 | BI6: 196 | BJ6: 227 | BK6: 51.667742 | BL6: 170 | BM6: 330 | BN6: 144.5 | BO6: 21.485137 | BP6: 100 | BQ6: 179 | BR6: 505.8 | BS6: 116.35654 | BT6: 277 | BU6: 643 | BV6: 350.8 | BW6: 127.55983 | BX6: 172 | BY6: 579 | BZ6: 10.3 | CA6: 2.7908581 | CB6: 6 | CC6: 14 | CD6: 71 | CE6: 15.077577 | CF6: 45 | CG6: 93 | CH6: 54 | CI6: 13.556466 | CJ6: 36 | CK6: 82 | CL6: 59.3 | CM6: 1.7029386 | CN6: 57 | CO6: 62 | CP6: 59.7 | CQ6: 1.2516656 | CR6: 58 | CS6: 62 | CT6: 75.2 | CU6: 4.7795862 | CV6: 68 | CW6: 82 | CX6: 61 | CY6: 4.5704364 | CZ6: 55 | DA6: 70 | DB6: 58.1 | DC6: 3.0349812 | DD6: 53 | DE6: 63 | DF6: 89.8 | DG6: 3.6453928 | DH6: 84 | DI6: 95 | DJ6: 63.1 | DK6: 2.6012817 | DL6: 60 | DM6: 69 | DN6: 63.5 | DO6: 1.1785113 | DP6: 62 | DQ6: 65 | DR6: 98 | DS6: 0.94280904 | DT6: 96 | DU6: 99 | DV6: 49.052 | DW6: 4.1622024 | DX6: 43.29 | DY6: 54.68 | DZ6: 29.665 | EA6: 3.0422625 | EB6: 25.46 | EC6: 32.79 | ED6: 29.98 | EE6: 2.3796732 | EF6: 24.28 | EG6: 32.59 | EH6: 3.859 | EI6: 0.70598159 | EJ6: 2.77 | EK6: 4.92 | EL6: 53.154 | EM6: 4.3207566 | EN6: 45.99 | EO6: 58.08 | EP6: 87.628 | EQ6: 13.675263 | ER6: 55.23 | ES6: 101.5 | ET6: 32.237 | EU6: 2.8051106 | EV6: 25.62 | EW6: 36.72 | EX6: 5.675 | EY6: 0.90903184 | EZ6: 3.71 | FA6: 6.92 | FB6: 3.932 | FC6: 0.58864817 | FD6: 2.63 | FE6: 4.57 | FF6: 0.015 | FG6: 0.0052704628 | FH6: 0.01 | FI6: 0.02 | FJ6: 9.939 | FK6: 1.4614107 | FL6: 7.39 | FM6: 12.09 | FN6: 0.865 | FO6: 0.32928373 | FP6: 0.61 | FQ6: 1.57 | FR6: 24.206 | FS6: 2.3074045 | FT6: 19.93 | FU6: 27.36 | FV6: 47.321 | FW6: 2.7989341 | FX6: 42.23 | FY6: 52.54 | FZ6: 150.367 | GA6: 22.44692 | GB6: 107.48 | GC6: 187.81 | GD6: 52.054 | GE6: 8.1707462 | GF6: 40.37 | GG6: 67.89 | GH6: 12.26 | GI6: 1.2207466 | GJ6: 10.25 | GK6: 14.26 | GL6: 14.311 | GM6: 1.4818941 | GN6: 12.03 | GO6: 16.83 | GP6: 0.017 | GQ6: 0.0048304589 | GR6: 0.01 | GS6: 0.02 | GT6: 0 | GU6: 0 | GV6: 0 | GW6: 0 | GX6: 0 | GY6: 0 | GZ6: 0 | HA6: 0 | HB6: 43.73 | HC6: 9.6755339 | HD6: 31.79 | HE6: 60.3 | HF6: 6.037 | HG6: 1.1515405 | HH6: 4.13 | HI6: 7.9 | HJ6: 47.504 | HK6: 4.1272434 | HL6: 41.34 | HM6: 52.83 | HN6: 64.807 | HO6: 21.678106 | HP6: 42.63 | HQ6: 106.08 | HR6: 16.917 | HS6: 2.9650559 | HT6: 14.25 | HU6: 24.55 | HV6: 8.378 | HW6: 1.4281441 | HX6: 5.75 | HY6: 10.98 | HZ6: 7.418 | IA6: 1.2803194 | IB6: 5.43 | IC6: 9.33 | ID6: 0.029 | IE6: 0.0166333 | IF6: 0.01 | IG6: 0.07 | IH6: 11.999 | II6: 9.5327592 | IJ6: 3.32 | IK6: 33.31 | IL6: 3.092 | IM6: 1.8096151 | IN6: 1.3 | IO6: 5.93 | IP6: 36.2 | IQ6: 8.6750793 | IR6: 27.41 | IS6: 53.03 | IT6: 69.4 | IU6: 22.101785 | IV6: 31 | IW6: 106 | IX6: 27.2 | IY6: 15.076103 | IZ6: 7 | JA6: 54 | JB6: 67.4 | JC6: 11.296017 | JD6: 49 | JE6: 86 | JF6: 15.8 | JG6: 6.9888801 | JH6: 5 | JI6: 25 | JJ6: 558.1 | JK6: 136.02896 | JL6: 387 | JM6: 764 | JN6: 400.4 | JO6: 124.29463 | JP6: 254 | JQ6: 582 | JR6: 141.1 | JS6: 21.084223 | JT6: 100 | JU6: 170 | JV6: 307.3 | JW6: 70.312082 | JX6: 192 | JY6: 427
B7: =C4 -> 0 | F7: 30.236292 | J7: =K4 -> 38.646546 | N7: =O4 -> 0 | R7: =S4 -> 38.822817 | V7: =W4 -> 29.364567 | Z7: =AA4 -> 0 | AD7: =AE4 -> 20.520992 | AH7: =AI4 -> 20.006666 | AL7: =AM4 -> 0 | AP7: =AQ4 -> 20.520992 | AT7: =AU4 -> 15.407069 | AX7: =AY4 -> 0 | BB7: =BC4 -> 0 | BF7: =BG4 -> 30.198602 | BJ7: =BK4 -> 0 | BN7: =BO4 -> 0 | BR7: =BS4 -> 120.44012 | BV7: =BW4 -> 167.6027 | BZ7: =CA4 -> 2.4129281 | CD7: =CE4 -> 32.90542 | CH7: =CI4 -> 30.431891 | CL7: =CM4 -> 0 | CP7: =CQ4 -> 0 | CT7: =CU4 -> 0 | CX7: =CY4 -> 3.6590831 | DB7: =DC4 -> 2.2236107 | DF7: =DG4 -> 1.2692955 | DJ7: =DK4 -> 1.2292726 | DN7: =DO4 -> 1.5238839 | DR7: =DS4 -> 0.48304589 | DV7: =DW4 -> 0 | DZ7: =EA4 -> 2.3906134 | ED7: =EE4 -> 2.1477081 | EH7: =EI4 -> 1.7097888 | EL7: =EM4 -> 2.0095895 | EP7: =EQ4 -> 13.098086 | ET7: =EU4 -> 3.4985229 | EX7: =EY4 -> 0.75221155 | FB7: =FC4 -> 0.52319637 | FF7: =FG4 -> 0.0096609178 | FJ7: =FK4 -> 1.6195335 | FN7: =FO4 -> 0.41937652 | FR7: =FS4 -> 0 | FV7: =FW4 -> 0 | FZ7: =GA4 -> 0 | GD7: =GE4 -> 0 | GH7: =GI4 -> 0 | GL7: =GM4 -> 0 | GP7: =GQ4 -> 0 | GT7: =GU4 -> 0 | GX7: =GY4 -> 0 | HB7: =HC4 -> 0 | HF7: =HG4 -> 1.5955145 | HJ7: =HK4 -> 1.6977452 | HN7: =HO4 -> 21.636788 | HR7: =HS4 -> 3.132563 | HV7: =HW4 -> 1.4217145 | HZ7: =IA4 -> 0.73481971 | ID7: =IE4 -> 0.035652645 | IH7: =II4 -> 0 | IL7: =IM4 -> 0 | IP7: =IQ4 -> 7.9744844 | IT7: =IU4 -> 34.493317 | IX7: =IY4 -> 19.148832 | JB7: =JC4 -> 30.198602 | JF7: =JG4 -> 0 | JJ7: =JK4 -> 0 | JN7: =JO4 -> 0 | JR7: =JS4 -> 0 | JV7: =JW4 -> 45.805871
B8: =C5 -> 6.7197884 | F8: 26.700187 | J8: =K5 -> 26.013885 | N8: =O5 -> 6.4644326 | R8: =S5 -> 56.866803 | V8: =W5 -> 26.488782 | Z8: =AA5 -> 3.1198291 | AD8: =AE5 -> 35.946874 | AH8: =AI5 -> 16.602878 | AL8: =AM5 -> 3.1198291 | AP8: =AQ5 -> 34.055673 | AT8: =AU5 -> 17.551195 | AX8: =AY5 -> 0 | BB8: =BC5 -> 5.0431472 | BF8: =BG5 -> 20.000278 | BJ8: =BK5 -> 21.03674 | BN8: =BO5 -> 21.286668 | BR8: =BS5 -> 131.20218 | BV8: =BW5 -> 207.14914 | BZ8: =CA5 -> 3.3813212 | CD8: =CE5 -> 25.342981 | CH8: =CI5 -> 22.846347 | CL8: =CM5 -> 2.0976177 | CP8: =CQ5 -> 1.9692074 | CT8: =CU5 -> 6.4807407 | CX8: =CY5 -> 4.4584502 | DB8: =DC5 -> 2.2632327 | DF8: =DG5 -> 1.4944341 | DJ8: =DK5 -> 1.3984118 | DN8: =DO5 -> 1.5670212 | DR8: =DS5 -> 0.31622777 | DV8: =DW5 -> 9.832192 | DZ8: =EA5 -> 6.9757912 | ED8: =EE5 -> 2.057377 | EH8: =EI5 -> 1.3458517 | EL8: =EM5 -> 2.2781242 | EP8: =EQ5 -> 15.391963 | ET8: =EU5 -> 5.183947 | EX8: =EY5 -> 0.55542176 | FB8: =FC5 -> 0.49581471 | FF8: =FG5 -> 0.0031622777 | FJ8: =FK5 -> 1.6106024 | FN8: =FO5 -> 0.39218051 | FR8: =FS5 -> 3.8496882 | FV8: =FW5 -> 6.067645 | FZ8: =GA5 -> 25.354567 | GD8: =GE5 -> 17.673338 | GH8: =GI5 -> 2.4251543 | GL8: =GM5 -> 3.2171181 | GP8: =GQ5 -> 0.006992059 | GT8: =GU5 -> 0 | GX8: =GY5 -> 0 | HB8: =HC5 -> 17.802275 | HF8: =HG5 -> 1.2517228 | HJ8: =HK5 -> 2.9870478 | HN8: =HO5 -> 23.50719 | HR8: =HS5 -> 5.1414504 | HV8: =HW5 -> 2.222862 | HZ8: =IA5 -> 2.4667318 | ID8: =IE5 -> 0.080249611 | IH8: =II5 -> 1.473299 | IL8: =IM5 -> 2.2543856 | IP8: =IQ5 -> 12.368949 | IT8: =IU5 -> 40.75455 | IX8: =IY5 -> 19.436792 | JB8: =JC5 -> 27.020363 | JF8: =JG5 -> 4.1486276 | JJ8: =JK5 -> 81.116103 | JN8: =JO5 -> 72.401351 | JR8: =JS5 -> 19.317235 | JV8: =JW5 -> 57.266337
B9: =C6 -> 13.150412 | F9: 8.243516 | J9: =K6 -> 17.028081 | N9: =O6 -> 13.35831 | R9: =S6 -> 30.745551 | V9: =W6 -> 22.885221 | Z9: =AA6 -> 3.9454615 | AD9: =AE6 -> 25.398163 | AH9: =AI6 -> 16.784914 | AL9: =AM6 -> 3.9454615 | AP9: =AQ6 -> 21.182015 | AT9: =AU6 -> 5.3218627 | AX9: =AY6 -> 0 | BB9: =BC6 -> 9.7325342 | BF9: =BG6 -> 14.843255 | BJ9: =BK6 -> 51.667742 | BN9: =BO6 -> 21.485137 | BR9: =BS6 -> 116.35654 | BV9: =BW6 -> 127.55983 | BZ9: =CA6 -> 2.7908581 | CD9: =CE6 -> 15.077577 | CH9: =CI6 -> 13.556466 | CL9: =CM6 -> 1.7029386 | CP9: =CQ6 -> 1.2516656 | CT9: =CU6 -> 4.7795862 | CX9: =CY6 -> 4.5704364 | DB9: =DC6 -> 3.0349812 | DF9: =DG6 -> 3.6453928 | DJ9: =DK6 -> 2.6012817 | DN9: =DO6 -> 1.1785113 | DR9: =DS6 -> 0.94280904 | DV9: =DW6 -> 4.1622024 | DZ9: =EA6 -> 3.0422625 | ED9: =EE6 -> 2.3796732 | EH9: =EI6 -> 0.70598159 | EL9: =EM6 -> 4.3207566 | EP9: =EQ6 -> 13.675263 | ET9: =EU6 -> 2.8051106 | EX9: =EY6 -> 0.90903184 | FB9: =FC6 -> 0.58864817 | FF9: =FG6 -> 0.0052704628 | FJ9: =FK6 -> 1.4614107 | FN9: =FO6 -> 0.32928373 | FR9: =FS6 -> 2.3074045 | FV9: =FW6 -> 2.7989341 | FZ9: =GA6 -> 22.44692 | GD9: =GE6 -> 8.1707462 | GH9: =GI6 -> 1.2207466 | GL9: =GM6 -> 1.4818941 | GP9: =GQ6 -> 0.0048304589 | GT9: =GU6 -> 0 | GX9: =GY6 -> 0 | HB9: =HC6 -> 9.6755339 | HF9: =HG6 -> 1.1515405 | HJ9: =HK6 -> 4.1272434 | HN9: =HO6 -> 21.678106 | HR9: =HS6 -> 2.9650559 | HV9: =HW6 -> 1.4281441 | HZ9: =IA6 -> 1.2803194 | ID9: =IE6 -> 0.0166333 | IH9: =II6 -> 9.5327592 | IL9: =IM6 -> 1.8096151 | IP9: =IQ6 -> 8.6750793 | IT9: =IU6 -> 22.101785 | IX9: =IY6 -> 15.076103 | JB9: =JC6 -> 11.296017 | JF9: =JG6 -> 6.9888801 | JJ9: =JK6 -> 136.02896 | JN9: =JO6 -> 124.29463 | JR9: =JS6 -> 21.084223 | JV9: =JW6 -> 70.312082
D36: =HLOOKUP(B36,Blad2!$1:$1048576,5,FALSE) -> #N/A
